<?xml version="1.0" encoding="UTF-8" standalone="yes" ?>

<item>
<title>Klitschko v Fury</title>
<link>http://185.63.255.112:80/live/antena1/playlist.m3u8</link>
<thumbnail>http://www.belushis.com/__data/assets/image/0016/421900/Wladimir-vs-Tyson-Poster.jpg</thumbnail>
<fanart>http://skysports24.com/wp-content/uploads/2015/10/Tyson-Fury-VS-Wladimir-Klitschko.jpg</fanart>
</item>
#
<item>
<title>Klitschko v Fury</title>
<sportsdevil>http://www.soccerjumbotv.me/ch-17.html</sportsdevil>
<referer>http://www.soccerjumbotv.me/ch-17.html</referer>
<thumbnail>http://www.belushis.com/__data/assets/image/0016/421900/Wladimir-vs-Tyson-Poster.jpg</thumbnail>
<fanart>http://skysports24.com/wp-content/uploads/2015/10/Tyson-Fury-VS-Wladimir-Klitschko.jpg</fanart>
</item>
#
<item>
<title>Klitschko v Fury</title>
<link>rtmp://185.82.215.45:3579/vod/ playpath=frank1?e=1448739653&st;=Vyi2p7AuZrinfqq9f2EL1w239734 swfUrl=http://mediatechnologycenter.info/flowplayer-3.2.16.swf live=1 pageUrl=http://mediatechnologycenter.info/ho1.php?channel=frank1&crn;=213100041.6353345</link>
<thumbnail>http://www.belushis.com/__data/assets/image/0016/421900/Wladimir-vs-Tyson-Poster.jpg</thumbnail>
<fanart>http://skysports24.com/wp-content/uploads/2015/10/Tyson-Fury-VS-Wladimir-Klitschko.jpg</fanart>
</item>
#
