<?xml version="1.0" encoding="UTF-8" standalone="yes"?>
<addon id="plugin.video.entertainmentlounge" name="Entertainment Lounge" version="0.0.14" provider-name="Chameleon-Builds">
  <requires>
    <import addon="xbmc.python" version="2.1.0"/>
	<import addon="script.module.addon.common" />
	<import addon="script.module.beautifulsoup" version="3.2.1"/>
	<import addon="script.module.beautifulsoup4" />
	<import addon="script.module.httplib2" />
	<import addon="script.module.urlresolver" optional="true"/>
	<import addon="script.module.requests" />
	
  </requires>
  <extension point="xbmc.python.pluginsource" library="default.py">
        <provides>video</provides>
  </extension>
  <extension point="xbmc.addon.metadata">
    <summary lang="en">Entertainment Lounge</summary>
    <description lang="en">Entertainment Lounge</description>
    <platform>all</platform>
  </extension>
</addon>