<?xml version="1.0" encoding="UTF-8" standalone="yes" ?>

<item>
<title>test</title>
<link>http://nlds15.cdnak.lon.neulion.com/nlds/coliseum/tottenhamhotspur/as/live/tottenhamhotspur_hd_800_ipad.m3u8?nltid=plp&nltdt=6&nltnt=1&hdnea=expires%3D1448822695%7Eaccess%3D%2F*%7Emd5%3D4a1fcca8282753741271ad297f83ca93|User-Agent=Mozilla%2F5.0+%28iPad%3B+CPU+OS+6_0+like+Mac+OS+X%29</link>
<thumbnail>http://www.belushis.com/__data/assets/image/0016/421900/Wladimir-vs-Tyson-Poster.jpg</thumbnail>
<fanart>http://skysports24.com/wp-content/uploads/2015/10/Tyson-Fury-VS-Wladimir-Klitschko.jpg</fanart>
</item>
#
<item>
<title>test 2</title>
<link>http://bstream.planetstream.org:8000/live/maradona/maradona/1593.ts</link>
<thumbnail>http://www.belushis.com/__data/assets/image/0016/421900/Wladimir-vs-Tyson-Poster.jpg</thumbnail>
<fanart>http://skysports24.com/wp-content/uploads/2015/10/Tyson-Fury-VS-Wladimir-Klitschko.jpg</fanart>
</item>
#
