<?xml version="1.0" encoding="UTF-8" standalone="yes" ?>

<item>
<title>Celta de Vigo vs Sporting Gijón</title>
<link>http://185.63.255.112:80/live/antena3/playlist.m3u8</link>
<regex>
<name>file</name>
<expres>src = '(.*?)'</expres>
<page>http://www.juhe.ml/sl/embed?id=nbc</page>
<referer>http://www.zoptv.com/live/nbc</referer>
</regex>
<sportsdevil>http://www.antenasport.com/iframeflash.html</sportsdevil>
<thumbnail>http://entertainmentlists.x10host.com/Icons/LiveSportEvents.png</thumbnail>
<fanart>HTTP://I Have Replaced Fanart</fanart>
</item>
#
<item>
<title>Celta de Vigo vs Sporting Gijón</title>
<link>http://185.63.255.112:80/live/antena3/playlist.m3u8</link>
<regex>
<name>file</name>
<expres>src = '(.*?)'</expres>
<page>http://www.juhe.ml/sl/embed?id=nbc</page>
<referer>http://www.zoptv.com/live/nbc</referer>
</regex>
<sportsdevil>http://www.antenasport.com/iframeflash.html</sportsdevil>
<thumbnail>http://entertainmentlists.x10host.com/Icons/LiveSportEvents.png</thumbnail>
<fanart>HTTP://I Have Replaced Fanart</fanart>
</item>
#
<item>
<title>Charton v Ipswich [HQ]</title>
<sportsdevil>http://www.antenasport.com/skysports5.html</sportsdevil>
<referer>http://www.antenasport.com</referer>
<thumbnail>http://entertainmentlists.x10host.com/Icons/LiveSportEvents.png</thumbnail>
<fanart>HTTP://I Have Replaced Fanart</fanart>
</item>
#
<item>
<title>Eastleigh v Southport</title>
<sportsdevil>http://www.antenasport.com/btsport1.html</sportsdevil>
<referer>http://www.antenasport.com/fbt1.html</referer>
<thumbnail>http://entertainmentlists.x10host.com/Icons/LiveSportEvents.png</thumbnail>
<fanart>HTTP://I Have Replaced Fanart</fanart>
</item>
#
<item>
<title>Bournemouth v Everton</title>
<link>http:$doregex[url]</link>
<regex>
<name>page</name>
<expres>;" src="(.*?)"</expres>
<page>http://www.xn--l3car8bzaq6f.com/channel-detail.php?pid=4</page>
<referer>http://www.xn--l3car8bzaq6f.com</referer>
</regex>
<thumbnail>http://entertainmentlists.x10host.com/Icons/LiveSportEvents.png</thumbnail>
<fanart>HTTP://I Have Replaced Fanart</fanart>
</item>
#
<item>
<title>Bournemouth v Everton</title>
<link>http://185.63.255.112:80/live/antena1/playlist.m3u8</link>
<thumbnail>http://entertainmentlists.x10host.com/Icons/LiveSportEvents.png</thumbnail>
<fanart>HTTP://I Have Replaced Fanart</fanart>
</item>
#
<item>
<title>Villa v Watford</title>
<sportsdevil>http://www.antenasport.com/iframeflash2.html</sportsdevil>
<referer>http://www.antenasport.com/live2.html</referer>
<thumbnail>http://entertainmentlists.x10host.com/Icons/LiveSportEvents.png</thumbnail>
<fanart>HTTP://I Have Replaced Fanart</fanart>
</item>
#
<item>
<title>Villa v Watford</title>
<link>http:$doregex[url]</link>
<regex>
<name>page</name>
<expres>;" src="(.*?)"</expres>
<page>http://www.xn--l3car8bzaq6f.com/channel-detail.php?pid=5</page>
<referer>http://www.xn--l3car8bzaq6f.com</referer>
</regex>
<thumbnail>http://entertainmentlists.x10host.com/Icons/LiveSportEvents.png</thumbnail>
<fanart>HTTP://I Have Replaced Fanart</fanart>
</item>
#
<item>
<title>Palace v Newcastle</title>
<link>http:$doregex[url]</link>
<regex>
<name>page</name>
<expres>;" src="(.*?)"</expres>
<page>http://www.xn--l3car8bzaq6f.com/channel-detail.php?pid=6</page>
<referer>http://www.xn--l3car8bzaq6f.com</referer>
</regex>
<thumbnail>http://entertainmentlists.x10host.com/Icons/LiveSportEvents.png</thumbnail>
<fanart>HTTP://I Have Replaced Fanart</fanart>
</item>
#
<item>
<title>Palace v Newcastle</title>
<link>http://185.63.255.112:80/live/antena2/playlist.m3u8</link>
<thumbnail>http://entertainmentlists.x10host.com/Icons/LiveSportEvents.png</thumbnail>
<fanart>HTTP://I Have Replaced Fanart</fanart>
</item>
#
<item>
<title>Sunderland v Stoke</title>
<sportsdevil>http://www.antenasport.com/iframeflash.html</sportsdevil>
<referer>http://www.antenasport.com/live1.html</referer>
<thumbnail>http://entertainmentlists.x10host.com/Icons/LiveSportEvents.png</thumbnail>
<fanart>HTTP://I Have Replaced Fanart</fanart>
</item>
#
<item>
<title>Sunderland v Stoke</title>
<link>http:$doregex[url]</link>
<regex>
<name>page</name>
<expres>;" src="(.*?)"</expres>
<page>http://www.xn--l3car8bzaq6f.com/channel-detail.php?pid=7</page>
<referer>http://www.xn--l3car8bzaq6f.com</referer>
</regex>
<thumbnail>http://entertainmentlists.x10host.com/Icons/LiveSportEvents.png</thumbnail>
<fanart>HTTP://I Have Replaced Fanart</fanart>
</item>
#
<item>
<title>Man City v Southampton [720p]</title>
<link>http://www.juhe.ml/$doregex[file]|user-agent=Mozilla/5.0 (Windows NT 6.1; WOW64) AppleWebKit/537.36 (KHTML, like Gecko) Chrome/46.0.2490.80 Safari/537.36</link>
<regex>
<name>file</name>
<expres>src = '(.*?)'</expres>
<page>http://www.juhe.ml/sl/embed?id=nbcsn</page>
<referer>http://www.zoptv.com/live/nbcsn</referer>
</regex>
<thumbnail>http://entertainmentlists.x10host.com/Icons/LiveSportEvents.png</thumbnail>
<fanart>HTTP://I Have Replaced Fanart</fanart>
</item>
#
<item>
<title>Man City v Southampton</title>
<link>http://185.63.255.112:80/live/antena4/playlist.m3u8</link>
<thumbnail>http://entertainmentlists.x10host.com/Icons/LiveSportEvents.png</thumbnail>
<fanart>HTTP://I Have Replaced Fanart</fanart>
</item>
#
<item>
<title>Man City v Southampton</title>
<link>http:$doregex[url]</link>
<regex>
<name>page</name>
<expres>;" src="(.*?)"</expres>
<page>http://www.xn--l3car8bzaq6f.com/channel-detail.php?pid=8</page>
<referer>http://www.xn--l3car8bzaq6f.com</referer>
</regex>
<thumbnail>http://entertainmentlists.x10host.com/Icons/LiveSportEvents.png</thumbnail>
<fanart>HTTP://I Have Replaced Fanart</fanart>
</item>
#
<item>
<title>Leicester v Man Utd [720p]</title>
<link>http://www.juhe.ml/$doregex[file]|user-agent=Mozilla/5.0 (Windows NT 6.1; WOW64) AppleWebKit/537.36 (KHTML, like Gecko) Chrome/46.0.2490.80 Safari/537.36</link>
<regex>
<name>file</name>
<expres>src = '(.*?)'</expres>
<page>http://www.juhe.ml/sl/embed?id=nbc</page>
<referer>http://www.zoptv.com/live/nbc</referer>
</regex>
<thumbnail>http://entertainmentlists.x10host.com/Icons/LiveSportEvents.png</thumbnail>
<fanart>HTTP://I Have Replaced Fanart</fanart>
</item>
#
<item>
<title>Leicester v Man Utd</title>
<link>http://185.63.255.112:80/live/antena1/playlist.m3u8</link>
<thumbnail>http://entertainmentlists.x10host.com/Icons/LiveSportEvents.png</thumbnail>
<fanart>HTTP://I Have Replaced Fanart</fanart>
</item>
#
<item>
<title>Barcelona v Real Sociedad</title>
<link>http://185.63.255.112:80/live/antena3/playlist.m3u8</link>
<thumbnail>http://entertainmentlists.x10host.com/Icons/LiveSportEvents.png</thumbnail>
<fanart>HTTP://I Have Replaced Fanart</fanart>
</item>
#
<item>
<title>Atlético Madrid vs Espanyol</title>
<link>http://185.63.255.112:80/live/antena3/playlist.m3u8</link>
<thumbnail>http://entertainmentlists.x10host.com/Icons/LiveSportEvents.png</thumbnail>
<fanart>HTTP://I Have Replaced Fanart</fanart>
</item>
#
<item>
<title>Celta de Vigo vs Sporting Gijón</title>
<link>http://185.63.255.112:80/live/antena3/playlist.m3u8</link>
<thumbnail>http://entertainmentlists.x10host.com/Icons/LiveSportEvents.png</thumbnail>
<fanart>HTTP://I Have Replaced Fanart</fanart>
</item>
#
